Monat,Position,Plan_EUR,Ist_EUR,_quelle_datei,_quelle_blatt,_quelle_zeile
2025-12,Umsatz Ersatzteile,132250.0,124876.9,ergebnis_2025-12.xlsx,Sheet,2
2025-12,Umsatz Service,151834.0,134754.0,ergebnis_2025-12.xlsx,Sheet,3
2025-12,Umsatz Verträge,62000.0,63900.0,ergebnis_2025-12.xlsx,Sheet,4
2025-12,Umsatz Schulung,5760.0,0.0,ergebnis_2025-12.xlsx,Sheet,5
2025-12,Material,-92530.0,-65075.52,ergebnis_2025-12.xlsx,Sheet,6
2025-12,Fremdleistung,-14000.0,-15000.0,ergebnis_2025-12.xlsx,Sheet,7
2025-12,Personalkosten,-153600.0,-150000.0,ergebnis_2025-12.xlsx,Sheet,8
2025-12,Gewährleistung,-6000.0,-7000.0,ergebnis_2025-12.xlsx,Sheet,9
2025-12,Gemeinkostenumlage,-36500.0,-36500.0,ergebnis_2025-12.xlsx,Sheet,10
